NAMA,DEPARTEMEN,WAKTU
Octavia,Customer Service,2018-01-02 02:18:52
Guinevere,Quality Assurance,2018-07-28 08:37:05
Davis,Finances,2018-02-09 16:41:35
Cedric,Quality Assurance,2016-10-09 02:57:31
Curran,Accounting,2016-11-14 21:16:36
Galena,Accounting,2017-04-13 10:43:29
Riley,Legal Department,2016-09-23 03:22:08
Roary,Customer Service,2017-11-04 10:11:38
James,Human Resources,2016-12-06 02:58:27
Alea,Advertising,2017-09-08 13:15:41
Angela,Tech Support,2018-04-25 22:41:38
Eliana,Public Relations,2016-10-17 01:15:00
Drew,Public Relations,2017-01-26 13:12:54
Dante,Public Relations,2017-07-01 17:12:18
Ariana,Tech Support,2017-04-25 20:05:27
Christen,Customer Relations,2017-01-16 10:20:40
Hamish,Advertising,2018-02-12 18:12:06
Mari,Tech Support,2017-10-18 05:27:40
Quemby,Public Relations,2017-10-29 21:09:44
Constance,Legal Department,2017-10-25 19:34:32
Russell,Legal Department,2018-01-10 20:56:50
Declan,Finances,2016-11-07 14:58:28
Andrew,Customer Relations,2017-12-13 15:51:48
Shelby,Quality Assurance,2017-10-07 11:38:20
Dara,Tech Support,2017-10-11 01:02:36
Jack,Advertising,2017-09-21 08:32:14
Daniel,Legal Department,2017-11-10 21:48:28
Tanner,Advertising,2017-10-21 19:36:22
Bevis,Research and Development,2017-05-17 08:08:25
Jennifer,Sales and Marketing,2017-12-17 11:30:05
Colt,Research and Development,2016-10-23 20:36:20
Amaya,Tech Support,2018-06-13 07:25:59
Logan,Legal Department,2017-07-16 20:35:14
Ian,Advertising,2018-04-17 03:41:17
Roth,Human Resources,2018-02-21 06:01:21
Lois,Payroll,2018-07-07 03:20:06
Chandler,Public Relations,2017-03-17 17:54:15
Gemma,Payroll,2017-04-22 08:21:05
Jordan,Finances,2017-01-26 11:10:48
Carla,Tech Support,2016-08-24 00:05:15
Piper,Accounting,2018-03-14 02:58:10
Barclay,Legal Department,2016-09-08 03:59:08
Richard,Customer Relations,2018-02-16 12:58:13
Amber,Human Resources,2018-02-20 19:49:52
Freya,Finances,2017-05-10 11:16:59
May,Legal Department,2018-03-16 05:50:02
Tyler,Customer Relations,2016-12-24 06:50:10
Mariko,Asset Management,2018-06-01 08:32:49
Zeus,Advertising,2017-12-16 17:50:11
Hakeem,Advertising,2017-11-09 06:08:34
Autumn,Public Relations,2018-07-03 06:36:22
Lyle,Finances,2018-02-26 07:58:41
Winter,Advertising,2016-10-28 16:45:25
Iliana,Quality Assurance,2016-10-22 06:31:05
Marsden,Public Relations,2017-03-31 19:08:35
Gannon,Advertising,2017-07-26 07:09:20
Nicholas,Customer Service,2018-07-22 21:09:31
Summer,Public Relations,2016-10-24 07:08:38
Zane,Customer Service,2017-04-02 14:51:52
Miranda,Accounting,2018-01-23 11:09:59
Fletcher,Advertising,2017-02-20 08:18:33
Clinton,Payroll,2017-02-16 12:43:20
Lila,Media Relations,2017-06-05 02:32:29
Echo,Tech Support,2018-05-22 06:49:43
Ulla,Research and Development,2018-05-13 02:06:43
Reese,Human Resources,2017-11-01 22:08:19
Kerry,Payroll,2018-02-11 21:51:57
Ian,Asset Management,2017-01-06 14:38:14
Chase,Accounting,2018-03-31 13:33:53
Clayton,Asset Management,2018-03-24 11:39:16
Ginger,Public Relations,2017-03-10 13:59:18
Brielle,Asset Management,2017-08-23 23:08:55
Dylan,Research and Development,2017-12-14 06:06:15
Brett,Accounting,2016-12-01 10:59:27
Maxwell,Finances,2017-08-24 12:41:55
Levi,Media Relations,2017-01-18 22:01:36
Venus,Public Relations,2018-05-01 08:30:35
Brenda,Payroll,2018-02-22 21:30:00
Cheryl,Research and Development,2017-04-07 02:19:17
Axel,Advertising,2017-10-30 18:23:03
Chancellor,Quality Assurance,2018-04-09 12:48:40
Samantha,Legal Department,2018-03-19 16:42:49
Bradley,Tech Support,2018-03-07 21:29:23
Jerry,Media Relations,2016-09-23 09:41:58
Carter,Legal Department,2016-12-27 09:48:13
Megan,Legal Department,2018-02-04 08:51:46
Yoko,Human Resources,2017-02-01 02:49:10
Iris,Customer Service,2018-01-07 12:30:52
Rooney,Accounting,2018-08-05 07:55:24
Elliott,Asset Management,2018-03-08 19:35:56
Yolanda,Payroll,2018-04-17 04:12:14
Wylie,Accounting,2018-06-30 13:05:07
Lawrence,Human Resources,2017-01-18 07:45:38
Otto,Payroll,2017-08-07 14:09:05
Jason,Research and Development,2017-12-18 06:50:20
Dai,Media Relations,2018-02-14 12:40:00
Jessica,Media Relations,2016-10-19 04:20:40
Xavier,Public Relations,2017-09-30 20:23:34
Harriet,Human Resources,2016-09-11 22:04:06
Timothy,Advertising,2016-10-08 03:10:27
